d,algorithm2,algorithm3,algorithm4,algorithm5
1,163.66666666666666,112.66666666666667,77.33333333333333,66.66666666666667
2,5096.333333333333,1276.3333333333333,303.6666666666667,232.33333333333334
3,150020.0,5777.666666666667,862.3333333333334,450.6666666666667
4,5097496.666666667,64436.0,1399.3333333333333,665.0
